Workbook

Sheet Auftrag
A6: AG: | B6: Bien Zenker | F6: Estrich-Art: | H6: Zementestrich
A7: BL: | B7: Hr. Köhler | F7: Gesamtfläche: | H7: 146.69
A8: BV: | B8: Gebuhr/ Ambos | F8: Anschrift: | H8: An der kalten Quelle 1
H9: 86825 Bad Wörshofen
A10: Tel: | B10: 0175-7972845 | F10: Termin: | H10: 11.03.2026
C11: Im DG mehr Multi!!!
A12: Sandlieferung:
A13: Lieferant: | H13: Gewicht:
A14: Ansprechpartner, Tel. | H14: Ankunft:
A15: Baustofflieferung:
A16: Lieferant: | H16: Sackware:
A17: Ansprechpartner, Tel. | H17: Ankunft:
A19: OG: | B19: Aufbau:
B20: m² | C20: Stärke | D20: Art | I20: Belag
A21: Estrich:
A24: Dämmung:
A29: EG:
A31: Estrich:
A34: Dämmung:
A39: UG: | B39: Aufbau:
B40: m² | C40: Stärke | D40: Art | I40: Belag
A41: Estrich:
A45: Dämmung:

Sheet Material
A1: Mischungsverhältnis | E1: VPE | H1: WeGo | I1: Kemmler | J1: Baustoff + Metall | K1: Münzinger | N1: =COUNTIF(Auftrag!D21:D101,"Anhydritestrich") -> 0
A2: 3 | B2: Anhydritbinder | D2: Sack | G2: {=(SUMPRODUCT((Auftrag!D21:D27="Anhydritestrich")*VALUE(Auftrag!B21:B27)*VALUE(Auftrag!C21:C27))+SUMPRODUCT((Auftrag!D31:D37="Anhydritestrich")*VALUE(Auftrag!B31:B37)*VALUE(Auftrag!C31:C37))+SUMPRODUCT((Auftrag!D41:D48="Anhydritestrich")*VALUE(Auftrag!B41:B48)*VALUE(Auftrag!C41:C48)))/1000*A2*5} -> 0 | H2: =$G2*'Preise Lieferanten'!D2 -> 0 | I2: =$G2*'Preise Lieferanten'!E2 -> 0 | J2: =$G2*'Preise Lieferanten'!F2 -> 0 | K2: =$G2*'Preise Lieferanten'!G2 -> 0 | M2: Sack
A3: 2 | B3: Zement | D3: Sack | G3: {=(SUMPRODUCT(--ISNUMBER(SEARCH("Zementestrich",Auftrag!D21:D27))*Auftrag!B21:B27*Auftrag!C21:C27)+SUMPRODUCT(--ISNUMBER(SEARCH("Zementestrich",Auftrag!D31:D37))*VALUE(Auftrag!B31:B37)*VALUE(Auftrag!C31:C37))+SUMPRODUCT(--ISNUMBER(SEARCH("Zementestrich",Auftrag!D41:D48))*VALUE(Auftrag!B41:B48)*VALUE(Auftrag!C41:C48)))/1000*A3*5+(SUMPRODUCT((Auftrag!D21:D27="gebundene Splittschüttung")*VALUE(Auftrag!B21:B27)*VALUE(Auftrag!C21:C27))+SUMPRODUCT((Auftrag!D31:D37="gebundene Splittschüttung")*VALUE(Auftrag!B31:B37)*VALUE(Auftrag!C31:C37))+SUMPRODUCT((Auftrag!D41:D48="gebundene Splittschüttung")*VALUE(Auftrag!B41:B48)*VALUE(Auftrag!C41:C48)))/1000*1*5} -> 0 | H3: =$G3*'Preise Lieferanten'!D3 -> 0 | I3: =$G3*'Preise Lieferanten'!E3 -> 0 | J3: =$G3*'Preise Lieferanten'!F3 -> 0 | K3: =$G3*'Preise Lieferanten'!G3 -> 0 | M3: Sack
B5: DEO 035 | C5: 80 | D5: m² | E5: 3 | F5: =SUMIFS(Auftrag!B21:B27,Auftrag!D21:D27,"EPS DEO 035",Auftrag!C21:C27,80)+SUMIFS(Auftrag!B31:B37,Auftrag!D31:D37,"EPS DEO 035",Auftrag!C31:C37,80)+SUMIFS(Auftrag!B41:B48,Auftrag!D41:D48,"EPS DEO 035",Auftrag!C41:C48,80) -> 0 | G5: =ROUNDUP(F5/E5,0) -> 0 | H5: =$G5*$E5*'Preise Lieferanten'!D$4*Material!$C5/1000 -> 0 | I5: =$G5*$E5*'Preise Lieferanten'!E$4*Material!$C5/1000 -> 0 | J5: =$G5*$E5*'Preise Lieferanten'!F$4*Material!$C5/1000 -> 0 | K5: =$G5*$E5*'Preise Lieferanten'!G$4*Material!$C5/1000 -> 0 | M5: Pack
B6: DEO 035 | C6: 70 | D6: m² | E6: 3 | F6: =SUMIFS(Auftrag!B24:B27,Auftrag!D24:D27,"EPS DEO 035",Auftrag!C24:C27,70)+SUMIFS(Auftrag!B34:B37,Auftrag!D34:D37,"EPS DEO 035",Auftrag!C34:C37,70)+SUMIFS(Auftrag!B45:B48,Auftrag!D45:D48,"EPS DEO 035",Auftrag!C45:C48,70) -> 0 | G6: =ROUNDUP(F6/E6,0) -> 0 | H6: =$G6*$E6*'Preise Lieferanten'!D$4*Material!$C6/1000 -> 0 | I6: =$G6*$E6*'[1]Preise Lieferanten'!E$4*Material!$C6/1000 -> 0 | J6: =$G6*$E6*'Preise Lieferanten'!F$4*Material!$C6/1000 -> 0 | K6: =$G6*$E6*'Preise Lieferanten'!G$4*Material!$C6/1000 -> 0 | M6: Pack
B7: DEO 035 | C7: 60 | D7: m² | E7: 4 | F7: =SUMIFS(Auftrag!B24:B27,Auftrag!D24:D27,"EPS DEO 035",Auftrag!C24:C27,60)+SUMIFS(Auftrag!B34:B37,Auftrag!D34:D37,"EPS DEO 035",Auftrag!C34:C37,60)+SUMIFS(Auftrag!B45:B48,Auftrag!D45:D48,"EPS DEO 035",Auftrag!C45:C48,60) -> 0 | G7: =ROUNDUP(F7/E7,0) -> 0 | H7: =$G7*$E7*'Preise Lieferanten'!D$4*Material!$C7/1000 -> 0 | I7: =$G7*$E7*'Preise Lieferanten'!E$4*Material!$C7/1000 -> 0 | J7: =$G7*$E7*'Preise Lieferanten'!F$4*Material!$C7/1000 -> 0 | K7: =$G7*$E7*'Preise Lieferanten'!G$4*Material!$C7/1000 -> 0 | M7: Pack
B8: DEO 035 | C8: 50 | D8: m² | E8: 4.5 | F8: =SUMIFS(Auftrag!B24:B27,Auftrag!D24:D27,"EPS DEO 035",Auftrag!C24:C27,50)+SUMIFS(Auftrag!B34:B37,Auftrag!D34:D37,"EPS DEO 035",Auftrag!C34:C37,50)+SUMIFS(Auftrag!B45:B48,Auftrag!D45:D48,"EPS DEO 035",Auftrag!C45:C48,50) -> 0 | G8: =ROUNDUP(F8/E8,0) -> 0 | H8: =$G8*$E8*'Preise Lieferanten'!D$4*Material!$C8/1000 -> 0 | I8: =$G8*$E8*'Preise Lieferanten'!E$4*Material!$C8/1000 -> 0 | J8: =$G8*$E8*'Preise Lieferanten'!F$4*Material!$C8/1000 -> 0 | K8: =$G8*$E8*'Preise Lieferanten'!G$4*Material!$C8/1000 -> 0 | M8: Pack
B9: DEO 035 | C9: 40 | D9: m² | E9: 6 | F9: =SUMIFS(Auftrag!B24:B27,Auftrag!D24:D27,"EPS DEO 035",Auftrag!C24:C27,40)+SUMIFS(Auftrag!B34:B37,Auftrag!D34:D37,"EPS DEO 035",Auftrag!C34:C37,40)+SUMIFS(Auftrag!B45:B48,Auftrag!D45:D48,"EPS DEO 035",Auftrag!C45:C48,40) -> 0 | G9: =ROUNDUP(F9/E9,0) -> 0 | H9: =$G9*$E9*'Preise Lieferanten'!D$4*Material!$C9/1000 -> 0 | I9: =$G9*$E9*'Preise Lieferanten'!E$4*Material!$C9/1000 -> 0 | J9: =$G9*$E9*'Preise Lieferanten'!F$4*Material!$C9/1000 -> 0 | K9: =$G9*$E9*'Preise Lieferanten'!G$4*Material!$C9/1000 -> 0 | M9: Pack
B10: DEO 035 | C10: 30 | D10: m² | E10: 8 | F10: =SUMIFS(Auftrag!B24:B27,Auftrag!D24:D27,"EPS DEO 035",Auftrag!C24:C27,30)+SUMIFS(Auftrag!B34:B37,Auftrag!D34:D37,"EPS DEO 035",Auftrag!C34:C37,30)+SUMIFS(Auftrag!B45:B48,Auftrag!D45:D48,"EPS DEO 035",Auftrag!C45:C48,30) -> 0 | G10: =ROUNDUP(F10/E10,0) -> 0 | H10: =$G10*$E10*'Preise Lieferanten'!D$4*Material!$C10/1000 -> 0 | I10: =$G10*$E10*'Preise Lieferanten'!E$4*Material!$C10/1000 -> 0 | J10: =$G10*$E10*'Preise Lieferanten'!F$4*Material!$C10/1000 -> 0 | K10: =$G10*$E10*'Preise Lieferanten'!G$4*Material!$C10/1000 -> 0 | M10: Pack
B11: DEO 035 | C11: 20 | D11: m² | E11: 12 | F11: =SUMIFS(Auftrag!B24:B27,Auftrag!D24:D27,"EPS DEO 035",Auftrag!C24:C27,20)+SUMIFS(Auftrag!B34:B37,Auftrag!D34:D37,"EPS DEO 035",Auftrag!C34:C37,20)+SUMIFS(Auftrag!B45:B48,Auftrag!D45:D48,"EPS DEO 035",Auftrag!C45:C48,20) -> 0 | G11: =ROUNDUP(F11/E11,0) -> 0 | H11: =$G11*$E11*'Preise Lieferanten'!D$4*Material!$C11/1000 -> 0 | I11: =$G11*$E11*'Preise Lieferanten'!E$4*Material!$C11/1000 -> 0 | J11: =$G11*$E11*'Preise Lieferanten'!F$4*Material!$C11/1000 -> 0 | K11: =$G11*$E11*'Preise Lieferanten'!G$4*Material!$C11/1000 -> 0 | M11: Pack
B12: DEO 035 | C12: 10 | D12: m² | E12: 24 | F12: =SUMIFS(Auftrag!B24:B27,Auftrag!D24:D27,"EPS DEO 035",Auftrag!C24:C27,10)+SUMIFS(Auftrag!B34:B37,Auftrag!D34:D37,"EPS DEO 035",Auftrag!C34:C37,10)+SUMIFS(Auftrag!B45:B48,Auftrag!D45:D48,"EPS DEO 035",Auftrag!C45:C48,10) -> 0 | G12: =ROUNDUP(F12/E12,0) -> 0 | H12: =$G12*$E12*'Preise Lieferanten'!D$4*Material!$C12/1000 -> 0 | I12: =$G12*$E12*'Preise Lieferanten'!E$4*Material!$C12/1000 -> 0 | J12: =$G12*$E12*'Preise Lieferanten'!F$4*Material!$C12/1000 -> 0 | K12: =$G12*$E12*'Preise Lieferanten'!G$4*Material!$C12/1000 -> 0 | M12: Pack
B14: Trittschall | C14: 40 | D14: m² | E14: 6 | F14: =SUMIFS(Auftrag!B24:B27,Auftrag!D24:D27,"Trittschall",Auftrag!C24:C27,40)+SUMIFS(Auftrag!B34:B37,Auftrag!D34:D37,"Trittschall",Auftrag!C34:C37,40)+SUMIFS(Auftrag!B45:B48,Auftrag!D45:D48,"Trittschall",Auftrag!C45:C48,40) -> 0 | G14: =ROUNDUP(F14/E14,0) -> 0 | H14: =$G14*$E14*'Preise Lieferanten'!D$4*Material!$C14/1000 -> 0 | I14: =$G14*$E14*'Preise Lieferanten'!E$4*Material!$C14/1000 -> 0 | J14: =$G14*$E14*'Preise Lieferanten'!F$4*Material!$C14/1000 -> 0 | K14: =$G14*$E14*'Preise Lieferanten'!G$4*Material!$C14/1000 -> 0 | M14: Pack
B15: Trittschall | C15: 30 | D15: m² | E15: 8 | F15: =SUMIFS(Auftrag!B24:B27,Auftrag!D24:D27,"Trittschall",Auftrag!C24:C27,30)+SUMIFS(Auftrag!B34:B37,Auftrag!D34:D37,"Trittschall",Auftrag!C34:C37,30)+SUMIFS(Auftrag!B45:B48,Auftrag!D45:D48,"Trittschall",Auftrag!C45:C48,30) -> 0 | G15: =ROUNDUP(F15/E15,0) -> 0 | H15: =$G15*$E15*'Preise Lieferanten'!D$4*Material!$C15/1000 -> 0 | I15: =$G15*$E15*'Preise Lieferanten'!E$4*Material!$C15/1000 -> 0 | J15: =$G15*$E15*'Preise Lieferanten'!F$4*Material!$C15/1000 -> 0 | K15: =$G15*$E15*'Preise Lieferanten'!G$4*Material!$C15/1000 -> 0 | M15: Pack
B16: Trittschall | C16: 25 | D16: m² | E16: 9.5 | F16: =SUMIFS(Auftrag!B24:B27,Auftrag!D24:D27,"Trittschall",Auftrag!C24:C27,25)+SUMIFS(Auftrag!B34:B37,Auftrag!D34:D37,"Trittschall",Auftrag!C34:C37,25)+SUMIFS(Auftrag!B45:B48,Auftrag!D45:D48,"Trittschall",Auftrag!C45:C48,25) -> 0 | G16: =ROUNDUP(F16/E16,0) -> 0 | H16: =$G16*$E16*'Preise Lieferanten'!D$4*Material!$C16/1000 -> 0 | I16: =$G16*$E16*'Preise Lieferanten'!E$4*Material!$C16/1000 -> 0 | J16: =$G16*$E16*'Preise Lieferanten'!F$4*Material!$C16/1000 -> 0 | K16: =$G16*$E16*'Preise Lieferanten'!G$4*Material!$C16/1000 -> 0 | M16: Pack
B17: Trittschall | C17: 20 | D17: m² | E17: 12 | F17: =SUMIFS(Auftrag!B24:B27,Auftrag!D24:D27,"Trittschall",Auftrag!C24:C27,20)+SUMIFS(Auftrag!B34:B37,Auftrag!D34:D37,"Trittschall",Auftrag!C34:C37,20)+SUMIFS(Auftrag!B45:B48,Auftrag!D45:D48,"Trittschall",Auftrag!C45:C48,20) -> 0 | G17: =ROUNDUP(F17/E17,0) -> 0 | H17: =$G17*$E17*'Preise Lieferanten'!D$4*Material!$C17/1000 -> 0 | I17: =$G17*$E17*'Preise Lieferanten'!E$4*Material!$C17/1000 -> 0 | J17: =$G17*$E17*'Preise Lieferanten'!F$4*Material!$C17/1000 -> 0 | K17: =$G17*$E17*'Preise Lieferanten'!G$4*Material!$C17/1000 -> 0 | M17: Pack
B19: Tackerplatte | C19: 40 | D19: m² | E19: 10 | F19: =SUMIFS(Auftrag!B24:B27,Auftrag!D24:D27,"Tackerplatte",Auftrag!C24:C27,40)+SUMIFS(Auftrag!B34:B37,Auftrag!D34:D37,"Tackerplatte",Auftrag!C34:C37,40)+SUMIFS(Auftrag!B45:B48,Auftrag!D45:D48,"Tackerplatte",Auftrag!C45:C48,40) -> 0 | G19: =ROUNDUP(F19/E19,0) -> 0 | M19: Pack
B20: Tackerplatte | C20: 30 | D20: m² | E20: 10 | F20: =SUMIFS(Auftrag!B24:B27,Auftrag!D24:D27,"Tackerplatte",Auftrag!C24:C27,30)+SUMIFS(Auftrag!B34:B37,Auftrag!D34:D37,"Tackerplatte",Auftrag!C34:C37,30)+SUMIFS(Auftrag!B45:B48,Auftrag!D45:D48,"Tackerplatte",Auftrag!C45:C48,30) -> 0 | G20: =ROUNDUP(F20/E20,0) -> 0 | M20: Pack
B21: Tackerplatte | C21: 25 | D21: m² | E21: 10 | F21: =SUMIFS(Auftrag!B24:B27,Auftrag!D24:D27,"Tackerplatte",Auftrag!C24:C27,25)+SUMIFS(Auftrag!B34:B37,Auftrag!D34:D37,"Tackerplatte",Auftrag!C34:C37,25)+SUMIFS(Auftrag!B45:B48,Auftrag!D45:D48,"Tackerplatte",Auftrag!C45:C48,25) -> 0 | G21: =ROUNDUP(F21/E21,0) -> 0 | M21: Pack
B22: Tackerplatte | C22: 20 | D22: m² | E22: 10 | F22: =SUMIFS(Auftrag!B24:B27,Auftrag!D24:D27,"Tackerplatte",Auftrag!C24:C27,20)+SUMIFS(Auftrag!B34:B37,Auftrag!D34:D37,"Tackerplatte",Auftrag!C34:C37,20)+SUMIFS(Auftrag!B45:B48,Auftrag!D45:D48,"Tackerplatte",Auftrag!C45:C48,20) -> 0 | G22: =ROUNDUP(F22/E22,0) -> 0 | M22: Pack
B23: Tackerplatte | C23: 15 | D23: m² | E23: 10 | F23: =SUMIFS(Auftrag!B24:B27,Auftrag!D24:D27,"Tackerplatte",Auftrag!C24:C27,15)+SUMIFS(Auftrag!B34:B37,Auftrag!D34:D37,"Tackerplatte",Auftrag!C34:C37,15)+SUMIFS(Auftrag!B45:B48,Auftrag!D45:D48,"Tackerplatte",Auftrag!C45:C48,15) -> 0 | G23: =ROUNDUP(F23/E23,0) -> 0 | M23: Pack
B25: Trittschalldämmung aus Mineralfaser | C25: 30 | D25: m² | E25: 10 | F25: =SUMIFS(Auftrag!B24:B27,Auftrag!D24:D27,"Trittschalldämmung aus Mineralfaser",Auftrag!C24:C27,30)+SUMIFS(Auftrag!B34:B37,Auftrag!D34:D37,"Trittschalldämmung aus Mineralfaser",Auftrag!C34:C37,30)+SUMIFS(Auftrag!B45:B48,Auftrag!D45:D48,"Trittschalldämmung aus Mineralfaser",Auftrag!C45:C48,30) -> 0 | G25: =ROUNDUP(F25/E25,0) -> 0 | M25: Pack
B26: Trittschalldämmung aus Mineralfaser | C26: 25 | D26: m² | E26: 10 | F26: =SUMIFS(Auftrag!B24:B27,Auftrag!D24:D27,"Trittschalldämmung aus Mineralfaser",Auftrag!C24:C27,25)+SUMIFS(Auftrag!B34:B37,Auftrag!D34:D37,"Trittschalldämmung aus Mineralfaser",Auftrag!C34:C37,25)+SUMIFS(Auftrag!B45:B48,Auftrag!D45:D48,"Trittschalldämmung aus Mineralfaser",Auftrag!C45:C48,25) -> 0 | G26: =ROUNDUP(F26/E26,0) -> 0 | M26: Pack
B27: Trittschalldämmung aus Mineralfaser | C27: 20 | D27: m² | E27: 10 | F27: =SUMIFS(Auftrag!B24:B27,Auftrag!D24:D27,"Trittschalldämmung aus Mineralfaser",Auftrag!C24:C27,20)+SUMIFS(Auftrag!B34:B37,Auftrag!D34:D37,"Trittschalldämmung aus Mineralfaser",Auftrag!C34:C37,20)+SUMIFS(Auftrag!B45:B48,Auftrag!D45:D48,"Trittschalldämmung aus Mineralfaser",Auftrag!C45:C48,20) -> 0 | G27: =ROUNDUP(F27/E27,0) -> 0 | M27: Pack
A30: 2 | B30: Staubex Plus | D30: Sack (125L) | G30: =(SUMIFS(Auftrag!B24:B27,Auftrag!D24:D27,"Randstreifen + PE-Folie + Perlit")+SUMIFS(Auftrag!B34:B37,Auftrag!D34:D37,"Randstreifen + PE-Folie + Perlit")+SUMIFS(Auftrag!B45:B48,Auftrag!D45:D48,"Randstreifen + PE-Folie + Perlit"))/100*A30 -> 0 | H30: =$G30*'Preise Lieferanten'!D7 -> 0 | I30: =$G30*'Preise Lieferanten'!E7 -> 0 | J30: =$G30*'Preise Lieferanten'!F7 -> 0 | K30: =$G30*'Preise Lieferanten'!G7 -> 0 | M30: Sack
A31: 2 | B31: Randstreifen | D31: Rolle (50m) | G31: =(SUMIFS(Auftrag!B24:B27,Auftrag!D24:D27,"Randstreifen + PE-Folie + Perlit")+SUMIFS(Auftrag!B34:B37,Auftrag!D34:D37,"Randstreifen + PE-Folie + Perlit")+SUMIFS(Auftrag!B45:B48,Auftrag!D45:D48,"Randstreifen + PE-Folie + Perlit"))/100*A31 -> 0 | H31: =$G31*'Preise Lieferanten'!D7 -> 0 | I31: =$G31*'Preise Lieferanten'!E7 -> 0 | J31: =$G31*'Preise Lieferanten'!F7 -> 0 | K31: =$G31*'Preise Lieferanten'!G7 -> 0 | M31: Rollen
B32: Folie | D32: Rolle (100 m²) | G32: =(SUMIFS(Auftrag!B24:B27,Auftrag!D24:D27,"Randstreifen + PE-Folie + Perlit")+SUMIFS(Auftrag!B34:B37,Auftrag!D34:D37,"Randstreifen + PE-Folie + Perlit")+SUMIFS(Auftrag!B45:B48,Auftrag!D45:D48,"Randstreifen + PE-Folie + Perlit"))/100 -> 0 | H32: =$G32*'Preise Lieferanten'!D6 -> 0 | I32: =$G32*'Preise Lieferanten'!E6 -> 0 | J32: =$G32*'Preise Lieferanten'!F6 -> 0 | K32: =$G32*'Preise Lieferanten'!G6 -> 0 | M32: Rollen
B34: Europaletten | D34: Stk | F34: =ROUNDUP(F2/48+F3/56,0) -> 0 | H34: =$F34*'Preise Lieferanten'!D10 -> 0 | I34: =$F34*'Preise Lieferanten'!E10 -> 0 | J34: =$F34*'Preise Lieferanten'!F10 -> 0 | K34: =$F34*'Preise Lieferanten'!G10 -> 0
B35: Staplerentladung | H35: =($F2*25+$F3*25)/1000*'Preise Lieferanten'!D11 -> 0 | I35: =ROUNDUP(($F2*25+$F3*25)/1000,0)*'Preise Lieferanten'!E18 -> 0 | J35: =$F34*'Preise Lieferanten'!F12 -> 0 | K35: =$F34*'Preise Lieferanten'!G12 -> 0
B36: Zufuhr | H36: =SUM('Preise Lieferanten'!D19:D21) -> 60.43 | I36: =SUM('Preise Lieferanten'!E16:E17) -> 101.5 | J36: =SUM('Preise Lieferanten'!F19,'Preise Lieferanten'!F21) -> 69.5 | K36: ='Preise Lieferanten'!G14+'Preise Lieferanten'!G15 -> 55
B38: Summe | H38: =SUM(H2:H36) -> 60.43 | I38: =SUM(I2:I36) -> 101.5 | J38: =SUM(J2:J36) -> 69.5 | K38: =SUM(K2:K36) -> 55
B42: Estrichsand 0/8 mm Sieblinie A/B | G42: {=((SUMPRODUCT((Auftrag!D21:D27="Anhydritestrich")*VALUE(Auftrag!B21:B27)*VALUE(Auftrag!C21:C27))+SUMPRODUCT((Auftrag!D31:D37="Anhydritestrich")*VALUE(Auftrag!B31:B37)*VALUE(Auftrag!C31:C37))+SUMPRODUCT((Auftrag!D41:D48="Anhydritestrich")*VALUE(Auftrag!B41:B48)*VALUE(Auftrag!C41:C48)))+(SUMPRODUCT(--ISNUMBER(SEARCH("Zementestrich",Auftrag!D21:D27))*Auftrag!B21:B27*Auftrag!C21:C27)+SUMPRODUCT(--ISNUMBER(SEARCH("Zementestrich",Auftrag!D31:D37))*VALUE(Auftrag!B31:B37)*VALUE(Auftrag!C31:C37))+SUMPRODUCT(--ISNUMBER(SEARCH("Zementestrich",Auftrag!D41:D48))*VALUE(Auftrag!B41:B48)*VALUE(Auftrag!C41:C48))))/1000*1.8} -> 0 | H42: =G42*39 -> 0
B43: Edelsplitt 2-5 mm | G43: {=(SUMPRODUCT((Auftrag!D21:D27="gebundene Splittschüttung")*VALUE(Auftrag!B21:B27)*VALUE(Auftrag!C21:C27))+SUMPRODUCT((Auftrag!D31:D37="gebundene Splittschüttung")*VALUE(Auftrag!B31:B37)*VALUE(Auftrag!C31:C37))+SUMPRODUCT((Auftrag!D41:D48="gebundene Splittschüttung")*VALUE(Auftrag!B41:B48)*VALUE(Auftrag!C41:C48)))/1000*1.8} -> 0 | H43: =G43*39 -> 0

Sheet Bestellung
A1: Sehr geehrte Damen und Herren,
A3: ="hiermit bestellen wir für unser Bauvorhaben " & Auftrag!B8 -> hiermit bestellen wir für unser Bauvorhaben Gebuhr/ Ambos
A4: =" Adresse: " & Auftrag!H8 &" , " &Auftrag!H9 -> Adresse: An der kalten Quelle 1 , 86825 Bad Wörshofen
A5: für Anlieferung am 08.11.2025 um 08:00 Uhr folgende Materialien:
A6: Bitte bestätigen Sie die Bestellung schriftlich.
A8: {=_xlfn._xlws.FILTER(Material!B2:B32, Material!G2:G32>0)} -> #VALUE! | B8: {=_xlfn._xlws.FILTER(Material!C2:C32, Material!G2:G32>0)} -> #VALUE! | C8: {=_xlfn._xlws.FILTER(Material!G2:G32, Material!G2:G32>0)} -> #VALUE! | D8: {=_xlfn._xlws.FILTER(Material!M2:M32, Material!G2:G32>0)} -> #VALUE!

Sheet Preise Lieferanten
B1: ME | C1: VPE | D1: WeGo | E1: Kemmler | F1: Baustoff + Metall | G1: Münzinger
A2: Lanxess Anhydritbinder | B2: 25 Kg Sack | C2: 1 Sack | D2: 5 | E2: 4.9 | F2: 4.9 | G2: 4.99
A3: Zement CEM I 42,5 N | B3: 25 Kg Sack | C3: 1 Sack | D3: 4.25 | E3: 4.25 | F3: 4.3 | G3: 4.25
A4: DEO 035 | B4: m³ | D4: 49 | E4: 48 | F4: 51 | G4: 52
A5: Trittschall DES 045 SM | B5: m³ | D5: 42 | E5: 44 | F5: 41 | G5: 44.91
A6: Folie | B6: 100 m² | C6: 1 Rolle | D6: 29 | E6: 19 | F6: 28 | G6: 18
A7: Staubex Plus | B7: 150 Liter Sack | C7: 1 Sack | D7: 26.72 | E7: 27.7 | F7: 26.85 | G7: 24.5
A8: Randstreifen mit Folienlasche | B8: 50 m | C8: 1 Rolle | D8: 12.5 | E8: 11.4 | F8: 9.9 | G8: 8.2
A10: Europalette | B10: Stück | D10: 22 | E10: 20 | F10: 20 | G10: 25
A11: Staplerentladung | B11: to | D11: 9.5
A12: Staplerentladung | B12: Hub | F12: 13.5 | G12: 8.5
A14: Anlieferzuschlag inland | B14: Stück | G14: 22.5
A15: Lohistikpauschale Inland | B15: Stück | G15: 32.5
A16: Kemmler Zufuhrservice über 50 km | B16: Stück | E16: 82
A17: Maut- und CO² Pauschale | B17: Stück | E17: 19.5
A18: Entladung mit LKW-Bordkran / Tonne Ab 2 Tonnen, Rundung auf volle Tonnen | B18: to | E18: 9.5
A19: Fracht | B19: Stück | D19: 32.2 | F19: 35
A20: Treibstoffkostenzuschlag | B20: Stück | D20: 11.28
A21: Maut | B21: Stück | D21: 16.95 | F21: 34.5
A23: Katja | D23: 2.3 | E23: 2.2 | G23: 2.45
A25: Faltplatte 15 mm WLG 045 | B25: m² | C25: 10 m² | E25: 1.59
A26: Faltplatte 22/20 WLG 045 | B26: m² | C26: 10 m² | E26: 1.71
A27: Faltplatte 27/25 WLG 045 | B27: m² | C27: 10 m² | E27: 2.03
A28: Faltplatte 33/30 WLG 045 | B28: m² | C28: 10 m² | E28: 2.31
A29: Faltplatte 38/35 WLG 045 | B29: m² | C29: 10 m² | E29: 2.47
A30: Faltplatte 43/40 WLG 045 | B30: m² | C30: 10 m² | E30: 2.75

Sheet Leistungen
A1: Estrich | B1: Dämmung
A2: Zementestrich | B2: Trittschall
A3: Anhydritestrich | B3: EPS DEO 035
A4: Fließestrich | B4: Randstreifen + PE-Folie + Perlit
A5: Zementestrich + Beschleuniger | B5: Tackerplatte
B6: Trittschalldämmung aus Mineralfaser
B7: gebundene Splittschüttung
